{"cameraMode":{"drawMode":0,"name":"Shaded","section":"Shading Mode"},"sceneLighting":false,"audioPlay":false,"sceneViewState":{"showFog":true,"showMaterialUpdate":false,"showSkybox":true,"showFlares":true,"showImageEffects":true,"showParticleSystems":true},"in2DMode":false,"pivot":{"x":458.2989501953125,"y":491.18243408203127,"z":27.55126953125},"rotation":{"x":-0.07494060695171356,"y":-0.002974053379148245,"z":0.00007364166231127456,"w":-0.9971835613250732},"size":1295.7576904296875,"orthographic":true}