{"cameraMode":{"drawMode":0,"name":"Shaded","section":"Shading Mode"},"sceneLighting":false,"audioPlay":false,"sceneViewState":{"showFog":true,"showMaterialUpdate":false,"showSkybox":false,"showFlares":true,"showImageEffects":true,"showParticleSystems":true},"in2DMode":false,"pivot":{"x":-0.0312042236328125,"y":-0.05810546875,"z":0.017578125},"rotation":{"x":-0.1508561074733734,"y":0.029970670118927957,"z":-0.004725589882582426,"w":-0.9880900382995606},"size":0.4194813668727875,"orthographic":true}