{"cameraMode":{"drawMode":0,"name":"Shaded","section":"Shading Mode"},"sceneLighting":false,"audioPlay":false,"sceneViewState":{"showFog":true,"showMaterialUpdate":false,"showSkybox":false,"showFlares":true,"showImageEffects":true,"showParticleSystems":true},"in2DMode":false,"pivot":{"x":0.0,"y":0.6108381748199463,"z":0.06177756190299988},"rotation":{"x":-0.09877871721982956,"y":-0.5005024075508118,"z":0.05761072784662247,"w":-0.8581498861312866},"size":4.3946967124938969,"orthographic":true}