{"cameraMode":{"drawMode":0,"name":"Shaded","section":"Shading Mode"},"sceneLighting":false,"audioPlay":false,"sceneViewState":{"showFog":true,"showMaterialUpdate":false,"showSkybox":false,"showFlares":true,"showImageEffects":true,"showParticleSystems":true},"in2DMode":false,"pivot":{"x":-19.0,"y":1.0150420665740967,"z":-0.03454458713531494},"rotation":{"x":-0.07982705533504486,"y":-0.9146979451179504,"z":0.22297129034996034,"w":-0.3274739384651184},"size":5.590412616729736,"orthographic":true}