{"cameraMode":{"drawMode":0,"name":"Shaded","section":"Shading Mode"},"sceneLighting":false,"audioPlay":false,"sceneViewState":{"showFog":true,"showMaterialUpdate":false,"showSkybox":false,"showFlares":true,"showImageEffects":true,"showParticleSystems":true},"in2DMode":false,"pivot":{"x":-5.960464477539063e-8,"y":0.39120492339134219,"z":-0.02671658992767334},"rotation":{"x":-0.0341021865606308,"y":-0.9528520107269287,"z":0.11692789942026138,"w":-0.2779175043106079},"size":5.088823318481445,"orthographic":true}