{"cameraMode":{"drawMode":0,"name":"Shaded","section":"Shading Mode"},"sceneLighting":false,"audioPlay":false,"sceneViewState":{"showFog":true,"showMaterialUpdate":false,"showSkybox":false,"showFlares":true,"showImageEffects":true,"showParticleSystems":true},"in2DMode":false,"pivot":{"x":-13.05859375,"y":0.221923828125,"z":0.6337890625},"rotation":{"x":-0.019605256617069246,"y":-0.9794356822967529,"z":0.16218581795692445,"w":-0.11839348077774048},"size":6.723351001739502,"orthographic":true}